,x_first,y_first,x_second,y_second,probability,type
0,372.53912,412.11624,453.608,497.47305,0.9160196,Aluminium foil
1,131.80432,432.112,246.06485,478.65512,0.90759933,Aluminium foil
2,268.67703,150.64253,474.78333,310.17166,0.8974618,Clear plastic bottle
